ID_Origen,Query,Categoria_Real,SubCategoria_Real,ID_Recuperado,Categoria_Recuperada,SubCategoria_Recuperada,Similitud_Coseno,Umbral_Dinamico,Modo,Tiempo_Segundos,Effort_Manual_Horas,Acierto_Categoria,Acierto_SubCategoria,Acierto_ID,Solucion_Real,Recomendacion_SIR,Es_Llamada_Real
10930,"El aplicativo Lingo 4.0 presentó errores 500 al intentar obtener el token de autenticación, lo que generaba alertas visi...",Azure Data Factory,Accesos / Autenticación,10930,Azure Data Factory,Accesos / Autenticación,0.8027,0.65,RAG,5.222,1.0,1,1,1,"Se actualizó el client_secret en la configuración del App Service. Tras este cambio, el sistema pudo autenticarse nuevamente y las recomendaciones se muestran sin inconvenientes.","Estimado ingeniero de soporte,

Hemos identificado un caso previo con alta similitud semántica en nuestra base de conocimiento, con ID **10930",True
11892,Alcance Multidominio: Se reportaron fallos en cascada en procesos críticos de tres áreas distintas entre la 01:07 AM y l...,Azure Data Factory,Linked Services,11892,Azure Data Factory,Linked Services,0.8607,0.75,RAG,2.603,2.0,1,1,1,"Monitoreo de Infraestructura: Se verificó el estado de salud del runtime en el entorno de desarrollo (DEV) y producción, confirmando que el servicio IR-MinsurAzure ya se encuentra estable y operativo. 
Acción de Recuperación: Dado que los fallos fueron por indisponibilidad de red y no por errores de lógica o datos, los pipelines afectados pueden ser re-ejecutados manualmente para completar la carga del día.","Recomendación simulada Hito 2 v4 para el ticket 11892. En producción, esta recomendación se genera llamando al LLM usando el antecedente del ticket 11892.",False
8820,Se observa un error en la ejecución del pipeline 'VisorGeneralEtl' dentro del Data Factory 'adf-analitica-prd'. La ejecu...,Azure Data Factory,Pipelines,8820,Azure Data Factory,Pipelines,0.9102,0.75,RAG,2.283,1.0,1,1,1,Se procedió a reprocesar la carga diaria para intentar resolver la falla. Este reproceso busca reiniciar el flujo de datos y superar el error temporal o de configuración que pudo haber ocurrido.,"Recomendación simulada Hito 2 v4 para el ticket 8820. En producción, esta recomendación se genera llamando al LLM usando el antecedente del ticket 8820.",False
9307,Se recibió una alerta de falla en la ejecución de un Job en Azure Data Factory (ADF) para el entorno Pisco DEV. El error...,Azure Data Factory,Pipelines,9307,Azure Data Factory,Pipelines,0.9015,0.75,RAG,2.083,1.0,1,1,1,"Se notificó al usuario sobre el error en el entorno DEV. Posteriormente, el usuario Kremlin informó que el error ha sido solucionado y la alerta ya no debería generarse.","Recomendación simulada Hito 2 v4 para el ticket 9307. En producción, esta recomendación se genera llamando al LLM usando el antecedente del ticket 9307.",False
9094,"Se observa un error de timeout en la ejecución de un pipeline de Azure Data Factory, específicamente en la actividad 'Co...",Azure Data Factory,Error de Time out,9006,Azure Data Factory,Error de Time out,0.9194,0.75,RAG,2.275,1.0,1,1,0,"Se ha cambiado el horario de procesamiento del pipeline 'Posición Monetaria' a la 1 AM. Este cambio busca reducir la carga concurrente en la base de datos y permitir que la consulta se ejecute sin exceder los límites de tiempo, optimizando así el rendimiento.","Recomendación simulada Hito 2 v4 para el ticket 9094. En producción, esta recomendación se genera llamando al LLM usando el antecedente del ticket 9006.",False
9388,Se reporta un error recurrente relacionado con tokens en los ambientes productivo (Prod) y de desarrollo (Dev) para la s...,Azure Data Factory,Accesos / Autenticación,9388,Azure Data Factory,Accesos / Autenticación,0.8538,0.65,RAG,2.049,2.0,1,1,1,"Se solicitó a Kremlin los secretos necesarios para el ambiente de Producción (PRD). Adicionalmente, se realizó una reunión donde se logró obtener el secreto correspondiente para los ambientes de Calidad (QAS) y Desarrollo (DEV), permitiendo la actualización y validación de los tokens.","Recomendación simulada Hito 2 v4 para el ticket 9388. En producción, esta recomendación se genera llamando al LLM usando el antecedente del ticket 9388.",False
7168,"Se observó un error en un flujo de Data Factory que involucraba un notebook de alerta, generando un bucle debido a un co...",Azure Data Factory,Pipelines,7168,Azure Data Factory,Pipelines,0.7181,0.75,Fallback,4.983,2.0,1,1,1,Se resolvió el bucle de alerta en el flujo de Data Factory y se corrigió la configuración de parámetros en la tabla [ETL].[ConfiguracionCargaIncremental_SAP_Lake] para asegurar el correcto procesamiento de las cargas incrementales de tablas SAP. Johnny aprobó la solución en producción y se está a la espera de la validación del usuario.,"Estimado ingeniero de soporte,

Entendido. Dado que no tenemos un antecedente idéntico registrado en nuestra base de datos histórica de tickets cerrados,",True
5970,"El título indica una revisión del Data Factory 'adf-analitica-prd'. Sin embargo, la descripción y el comentario de resol...",Azure Data Factory,Requerimiento,5970,Azure Data Factory,Requerimiento,0.8922,0.75,RAG,2.414,4.0,1,1,1,No se aplicó ninguna solución debido a la falta de información. Se requeriría una investigación adicional para identificar y resolver cualquier problema.,"Recomendación simulada Hito 2 v4 para el ticket 5970. En producción, esta recomendación se genera llamando al LLM usando el antecedente del ticket 5970.",False
9397,Se observa un error de timeout en la ejecución del pipeline 'pipeline_master_Area_Solicitante' dentro del Data Factory '...,Azure Data Factory,Error de Time out,9397,Azure Data Factory,Error de Time out,0.9067,0.75,RAG,2.197,1.0,1,1,1,"Se procedió a reprocesar la carga de datos. Este reproceso se realizó con normalidad, lo que indica que el problema de timeout fue transitorio y se resolvió al reintentar la operación.","Recomendación simulada Hito 2 v4 para el ticket 9397. En producción, esta recomendación se genera llamando al LLM usando el antecedente del ticket 9397.",False
7885,Se observan errores recurrentes en la ejecución de pipelines de Jenkins relacionados con la carga de datos de Opex para ...,Azure Data Factory,Pipelines,7885,Azure Data Factory,Pipelines,0.8944,0.75,RAG,2.0,6.0,1,1,1,"Se está a la espera de la respuesta de 'SP' para poder continuar con la resolución de los errores. Una vez obtenida la información o corrección necesaria, se procederá a reevaluar y reiniciar los pipelines afectados.","Recomendación simulada Hito 2 v4 para el ticket 7885. En producción, esta recomendación se genera llamando al LLM usando el antecedente del ticket 7885.",False
9106,Se reporta un error en la ejecución de un pipeline en Azure Data Factory (adf-logisticacorporativo-prd) llamado pipeline...,Azure Data Factory,Pipelines,9106,Azure Data Factory,Pipelines,0.9645,0.75,RAG,2.55,1.0,1,1,1,"Se procedió a reprocesar la carga de datos asociada al pipeline afectado. Esta acción permitió que el pipeline se ejecutara correctamente y la carga de datos se completara sin inconvenientes, resolviendo la incidencia reportada.","Recomendación simulada Hito 2 v4 para el ticket 9106. En producción, esta recomendación se genera llamando al LLM usando el antecedente del ticket 9106.",False
11859,Documentos Faltantes: El área usuaria reportó que la OC 7500031507 (y otras correlativas) no eran visibles en el aplicat...,Azure Data Factory,Requerimiento,11859,Azure Data Factory,Requerimiento,0.8788,0.65,RAG,2.211,7.0,1,1,1,"Se corrigió la secuencia lógica en el pipeline pipeline_maestro_ZTBMM, vinculando correctamente la actividad de alerta al path de ejecución correspondiente. Se validó que el template ahora sea íntegro y ejecutable.
Se invita a los responsables de poblar la informacion correspondiente en esa columna EK_KDATE de modo que la logica pueda mostrarlo en el aplicativo vitales","Recomendación simulada Hito 2 v4 para el ticket 11859. En producción, esta recomendación se genera llamando al LLM usando el antecedente del ticket 11859.",False
8853,El pipeline maestro_personal_destacado en el Data Factory adf-logisticacorporativo-prd falló durante su ejecución (ID: 0...,Azure Data Factory,Pipelines,8853,Azure Data Factory,Pipelines,0.8857,0.75,RAG,2.58,4.0,1,1,1,"Se contactó a Milagros por correo electrónico para derivar la revisión de la conexión a la base de datos, ya que el error apunta a un problema de conectividad subyacente a pesar de que la prueba de conexión inicial fue exitosa.","Recomendación simulada Hito 2 v4 para el ticket 8853. En producción, esta recomendación se genera llamando al LLM usando el antecedente del ticket 8853.",False
9315,El pipeline MastercargaIncrementalPosicionMonetaria falló durante la ejecución de una actividad de Databricks. El error ...,Azure Data Factory,Pipelines,9315,Azure Data Factory,Pipelines,0.9051,0.75,RAG,2.033,1.0,1,1,1,"Se procedió a reprocesar la carga de datos que estaba fallando. Tras el reproceso, la carga se completó con normalidad, indicando que el problema inicial fue transitorio y se resolvió con una nueva ejecución.","Recomendación simulada Hito 2 v4 para el ticket 9315. En producción, esta recomendación se genera llamando al LLM usando el antecedente del ticket 9315.",False
5704,"Se observó que el modelo Capex no se estaba actualizando correctamente, lo que generaba inconsistencias en los datos rep...",Azure Data Factory,Triggers,5704,Azure Data Factory,Triggers,0.8892,0.65,RAG,2.222,2.0,1,1,1,"Se revisó la configuración del trigger general y se corrigió la falla, asegurando que esté habilitado y configurado correctamente para disparar el pipeline de reprocesamiento del modelo Capex. Se verificó la ejecución exitosa del trigger.","Recomendación simulada Hito 2 v4 para el ticket 5704. En producción, esta recomendación se genera llamando al LLM usando el antecedente del ticket 5704.",False
7738,El programa de vitales para logística no se ha actualizado correctamente. Se reporta la falta de actualización de datos ...,Azure Data Factory,Pipelines,7738,Azure Data Factory,Pipelines,0.7977,0.65,RAG,2.604,1.0,1,1,1,"Se investigará el pipeline o proceso responsable de la actualización de datos para el programa de vitales en logística. Se verificarán los logs de ejecución, la conectividad con las fuentes de datos y la integridad de los datos de origen para identificar y corregir el error.","Recomendación simulada Hito 2 v4 para el ticket 7738. En producción, esta recomendación se genera llamando al LLM usando el antecedente del ticket 7738.",False
9101,Se reportó una incidencia en el pipeline 'pipeline_maestro_MARC' dentro del Data Factory 'adf-logisticacorporativo-prd'....,Azure Data Factory,Pipelines,9101,Azure Data Factory,Pipelines,0.9703,0.75,RAG,2.611,1.0,1,1,1,"Se procedió a reprocesar la carga de datos afectada. Este reprocesamiento permitió que el pipeline ejecutara la actividad de manera exitosa, superando el error de interpretación del mensaje de fallo y completando la carga con normalidad.","Recomendación simulada Hito 2 v4 para el ticket 9101. En producción, esta recomendación se genera llamando al LLM usando el antecedente del ticket 9101.",False
8798,"El pipeline 'pipeline_maestro_EKKO' en el Data Factory 'adf-logisticacorporativo-prd' falló durante su ejecución, genera...",Azure Data Factory,Pipelines,8798,Azure Data Factory,Pipelines,0.8743,0.75,RAG,1.852,1.0,1,1,1,"Se procedió a reprocesar la carga diaria del pipeline afectado. Este reproceso permitió que el pipeline completara su ejecución exitosamente, restaurando la disponibilidad del servicio y la correcta ingesta de datos logísticos.","Recomendación simulada Hito 2 v4 para el ticket 8798. En producción, esta recomendación se genera llamando al LLM usando el antecedente del ticket 8798.",False
8443,Se recibió una alerta automática indicando un error en la ejecución del pipeline 'Sap_DataLake_Pipeline' dentro del Data...,Azure Data Factory,Pipelines,8443,Azure Data Factory,Pipelines,0.9037,0.75,RAG,2.623,1.0,1,1,1,Se ha escalado el incidente al equipo de BIT para su revisión y diagnóstico. Se espera que ellos investiguen la causa del error y apliquen la solución correspondiente.,"Recomendación simulada Hito 2 v4 para el ticket 8443. En producción, esta recomendación se genera llamando al LLM usando el antecedente del ticket 8443.",False
11415,Se recibió una solicitud para validar con soporte acerca de los nuevos cambios del IR,Azure Data Factory,Linked Services,8808,Power BI,Modelado de datos,0.5363,0.65,Fallback,2.156,5.0,0,0,0,"Se realizó una sesión conjunta entre el equipo de Soporte Analítico y los responsables de infraestructura para supervisar el comportamiento del nuevo entorno.
Se ejecutaron pruebas de flujo sobre los procesos críticos de desarrollo que utilizan este IR. Los resultados confirmaron que no hubo afectación en la comunicación con Azure Data Factory ni en las tareas de integración de datos. 
Tras verificar el correcto funcionamiento del servidor bajo Windows Server 2022, se brindó la conformidad técnica para dar por cerrada la validación en el ambiente DEV. 
Se estableció como acuerdo de cierre volver a convocar una sesión de trabajo en febrero de 2026 para realizar las pruebas de humo y validación de conectividad durante la migración del IR en el ambiente de Producción (PRD).","Recomendación simulada Hito 2 v4 para el ticket 11415. En producción, esta recomendación se genera llamando al LLM usando el antecedente del ticket 8808.",False
8550,Se observó un error en la ejecución del pipeline 'MaestroConsumo' dentro del Data Factory 'adf-analitica-prd'. La causa ...,Azure Data Factory,Accesos / Autenticación,8550,Azure Data Factory,Accesos / Autenticación,0.9152,0.75,RAG,2.078,1.0,1,1,1,"Se procedió a reprocesar los pipelines afectados, lo que implicó la renovación o revalidación del token de autenticación para permitir la continuación exitosa de las operaciones.","Recomendación simulada Hito 2 v4 para el ticket 8550. En producción, esta recomendación se genera llamando al LLM usando el antecedente del ticket 8550.",False
8642,Se recibieron alertas de calidad de datos indicando un fallo en la ejecución del pipeline ETL_Inicial_Malla_Master dentr...,Azure Data Factory,Pipelines,9115,Azure Data Factory,Pipelines,0.9174,0.75,RAG,2.01,3.0,1,1,0,[USUARIO] identificó la causa raíz del problema y se encuentra en proceso de preparar y enviar un release para corregir el fallo en la ejecución de Databricks del pipeline ETL_Inicial_Malla_Master.,"Recomendación simulada Hito 2 v4 para el ticket 8642. En producción, esta recomendación se genera llamando al LLM usando el antecedente del ticket 9115.",False
6996,"Se requiere optimizar la entrega de datos a rendir, modificando el origen de DataFactory de DB_FINANZAS a sqldb-dhwcorpo...",Azure Data Factory,Pipelines,6996,Azure Data Factory,Pipelines,0.9362,0.65,RAG,2.604,6.0,1,1,1,"Se ha procedido a modificar el origen de datos en DataFactory para las tablas SAP.BSIK, SAP.BSAK y SAP.LFA1, apuntando a sqldb-dhwcorporativo. Se han actualizado las queries en los Data Flows y se ha unificado la tabla destino para el proyecto de Cuentas por Pagar Comerciales, renombrando la tabla de facturas a 'Partidas.FactIndividualAcreedores'. Se está a la espera de la aprobación del Pull Request (PR) para completar la implementación.","Recomendación simulada Hito 2 v4 para el ticket 6996. En producción, esta recomendación se genera llamando al LLM usando el antecedente del ticket 6996.",False
10458,"Error en el recurso adf-mantto-prd 
Error en el pipeline AUFK_SAP_to_Adls_Delta",Azure Data Factory,Pipelines,10458,Azure Data Factory,Pipelines,0.8653,0.75,RAG,2.444,1.0,1,1,1,"1. Se solucionó el problema de conexión de Sap el día 23/06/2025.
2. Se mandó a reprocesar con bit el pipeline. 
3. El pipeline finalizó de manera exitosa.","Recomendación simulada Hito 2 v4 para el ticket 10458. En producción, esta recomendación se genera llamando al LLM usando el antecedente del ticket 10458.",False
9112,Se observó un error 403 'Acceso denegado' durante la ejecución del pipeline RRHH_API_R0055_SAP_Datalake_Pipeline en el D...,Azure Data Factory,Accesos / Autenticación,9112,Azure Data Factory,Accesos / Autenticación,0.948,0.75,RAG,2.575,5.0,1,1,1,"Se reprocesó la carga del pipeline RRHH_API_R0055_SAP_Datalake_Pipeline. Tras el reproceso, la carga se completó con normalidad, lo que sugiere que el problema de acceso fue temporal o se resolvió con la reejecución.","Recomendación simulada Hito 2 v4 para el ticket 9112. En producción, esta recomendación se genera llamando al LLM usando el antecedente del ticket 9112.",False
7882,"Se requiere la actualización de códigos para los flujos del proyecto Optimus Leach-Pucamarca en los entornos DEV, QA y P...",Azure Data Factory,Pipelines,7882,Azure Data Factory,Pipelines,0.9176,0.65,RAG,1.885,2.0,1,1,1,"Se procedió con la actualización de los códigos y flujos correspondientes en los entornos DEV, QA y PRD, implementando la lógica para el almacenamiento histórico de las predicciones y evitando la sobreescritura total. Se verificó la correcta implementación y funcionamiento en cada entorno.","Recomendación simulada Hito 2 v4 para el ticket 7882. En producción, esta recomendación se genera llamando al LLM usando el antecedente del ticket 7882.",False
8509,Se observó un error 500 en el pipeline 'pipeline_master_Area_Solicitante' del Data Factory 'adf-logisticacorporativo-prd...,Azure Data Factory,Error de Time out,8509,Azure Data Factory,Error de Time out,0.9274,0.75,RAG,1.928,1.0,1,1,1,"Se procedió a reprocesar la carga diaria del pipeline afectado. Esta acción permitió que la extracción de datos se completara exitosamente, resolviendo la incidencia de calidad de datos reportada.","Recomendación simulada Hito 2 v4 para el ticket 8509. En producción, esta recomendación se genera llamando al LLM usando el antecedente del ticket 8509.",False
8997,El pipeline 'ETL_Inicial_Malla_Master' en el Data Factory 'adf-lixiviacion-prd' falló durante su ejecución. El error se ...,Azure Data Factory,Pipelines,8997,Azure Data Factory,Pipelines,0.9119,0.75,RAG,1.912,1.0,1,1,1,"Se procedió a reprocesar la carga de datos. El reproceso se completó con normalidad, indicando que el problema subyacente del clúster de Databricks fue transitorio o se resolvió por sí solo.","Recomendación simulada Hito 2 v4 para el ticket 8997. En producción, esta recomendación se genera llamando al LLM usando el antecedente del ticket 8997.",False
8945,"Se reporta un timeout en la operación de copia de datos desde SAP QM a Data Lake, específicamente en la fase de 'Copy da...",Azure Data Factory,Error de Time out,8945,Azure Data Factory,Error de Time out,0.887,0.75,RAG,1.971,0.5,1,1,1,"Se procedió a reprocesar la carga de datos. El reproceso se completó con normalidad, indicando que la causa del timeout fue probablemente temporal o transitoria.","Recomendación simulada Hito 2 v4 para el ticket 8945. En producción, esta recomendación se genera llamando al LLM usando el antecedente del ticket 8945.",False
5710,"Se observa un problema recurrente con la carga de datos de encuestas del mes de febrero, específicamente con archivos co...",Azure Data Factory,Error de Tipo de Dato,5710,Azure Data Factory,Error de Tipo de Dato,0.7871,0.65,RAG,2.273,2.0,1,1,1,"Se recomienda investigar la causa raíz de la extensión .x;sx, ya sea solicitando al usuario el archivo correcto o validando la configuración del pipeline de Azure Data Factory para asegurar que pueda manejar la extensión proporcionada o que se aplique una transformación adecuada.","Recomendación simulada Hito 2 v4 para el ticket 5710. En producción, esta recomendación se genera llamando al LLM usando el antecedente del ticket 5710.",False
9009,Se reportó un error de conexión al intentar acceder a la tabla SAP 'AFVV' desde Azure Data Factory. La operación falló d...,Azure Data Factory,Conectividad,9009,Azure Data Factory,Conectividad,0.9287,0.75,RAG,2.463,1.0,1,1,1,"Se reprocesó la carga de datos desde SAP a ADLS Gen2. El reproceso se realizó con normalidad, lo que indica que el problema de conexión fue temporal o se resolvió con la reejecución.","Recomendación simulada Hito 2 v4 para el ticket 9009. En producción, esta recomendación se genera llamando al LLM usando el antecedente del ticket 9009.",False
11684,Llegó la alerta a través de la bandeja de soporte analítico,Azure Data Factory,Pipelines,11488,Power BI,Actualización de dataset,0.5578,0.65,Fallback,2.526,6.0,0,0,0,"Se identificó y desactivó el componente AlertaPuntoFalla asociado específicamente a ese tramo del pipeline. 
Se valido que la actividad ya no se usa, por que el dashboard se alimenta directamente del sharepoint, es por ello que se procede a borrar las actividades que ya no se utilizan 
Se realizó el pase correspondiente en el ADF para aplicar los cambios","Recomendación simulada Hito 2 v4 para el ticket 11684. En producción, esta recomendación se genera llamando al LLM usando el antecedente del ticket 11488.",False
11854,"El pipeline RRHH_API_FuerzaLaboral_Incremental_GIT_SQL_Pipeline no retornaba información del mes actual, limitando la vi...",Azure Data Factory,Pipelines,11854,Azure Data Factory,Pipelines,0.9371,0.75,RAG,1.855,9.0,1,1,1,"Se modificó el pipeline para que tome dinámicamente el mes vigente y capture específicamente los últimos días del mes en curso, asegurando que no se omita ningún cambio de estado en la fuerza laboral.
Se configuró un nuevo trigger programado para el día 1 y los ultimos dias de cada mes a la 1:00 AM. Este horario asegura que la información del cierre del mes anterior esté completamente disponible y se procese automáticamente al iniciar el nuevo periodo.
Se añadio la modificación para contener si no se tenia data de un mes en curso, por ejemplo, cuando se ejecute casos del 1 de mes en curso","Recomendación simulada Hito 2 v4 para el ticket 11854. En producción, esta recomendación se genera llamando al LLM usando el antecedente del ticket 11854.",False
11494,El usuario envió un correo a soporte para generar la carga Manual de Diciembre,Azure Data Factory,Requerimiento,11494,Azure Data Factory,Requerimiento,0.7662,0.65,RAG,2.144,8.0,1,1,1,"Se procedió con la elaboración y preparación de los archivos necesarios, consolidando la data enviada por Cristina para asegurar su compatibilidad con el modelo de datos.
Se agendó y llevó a cabo una sesión técnica con el proveedor BIT para coordinar los pasos de la ingesta.
Se realizó la carga manual de la información en el Data Factory de producción (adf-rrhh-prd).
Tras la ejecución, se validó que la información de diciembre se visualiza correctamente en los dashboards de Encuesta y Control de Actividades.","Recomendación simulada Hito 2 v4 para el ticket 11494. En producción, esta recomendación se genera llamando al LLM usando el antecedente del ticket 11494.",False
7904,"Se solicita la entrega de archivos PBIX correspondientes a varios reportes de BI Logístico, incluyendo 'Dashboard Semana...",Power BI,Requerimiento,7904,Power BI,Requerimiento,0.8985,0.65,RAG,5.408,1.0,1,1,1,"Se procedió a localizar y entregar los archivos PBIX de los reportes de Power BI solicitados por el usuario. La entrega se realizó exitosamente, cumpliendo con el requerimiento.","Se ha identificado un caso previo con alta similitud semántica en nuestra base de conocimiento, con el **ID: 7904** (Categoría: Power BI, SubCategoría: Requerimiento).

A continuación, se detalla el diagnóstico y la solución aplicada para este tipo de requerimiento:

*   **Diagnóstico del Requerimiento:**
    *   El requerimiento se origina por la necesidad explícita del usuario de obtener los archivos fuente (`.PBIX`) de los reportes de Power BI.
    *   El objetivo de esta solicitud es permitir al usuario realizar análisis adicionales, modificaciones o la distribución interna de dichos activos.
    *   No se ha identificado un problema técnico subyacente en la plataforma o en la generación de los reportes, sino que se trata de una solicitud directa de entrega de archivos.

*   **Solución Aplicada (Pasos):**
    *   **Localización de Archivos:** Se debe proceder a localizar los archivos `.PBIX` correspondientes a cada uno de los reportes de BI Logístico solicitados:
        *   'Dashboard Semanal'
        *   'Dashboard Pendientes de Solped'
        *   'Dashboard de Servicios Permanentes'
        *   'Dashboard Bienes y Servicios'
        *   'Reporte Tipo de Adjudicación'
    *   **Verificación de Versión:** Asegurarse de que los archivos `.PBIX` localizados corresponden a la versión más reciente y publicada de cada reporte.
    *   **Entrega al Solicitante:** Realizar la entrega de los archivos `.PBIX` al usuario o ingeniero de soporte que realizó la solicitud, utilizando el canal de comunicación",True
11994,"Pérdida de Campos Críticos: El dashboard carecía de columnas adicionales necesarias para el análisis del negocio, debido...",Power BI,Inconsistencia de Datos,11994,Power BI,Inconsistencia de Datos,0.9161,0.65,RAG,2.3,8.0,1,1,1,"Implementación de Sincronización Completa (Homologación Estricta): * Se rediseñó la lógica del SP para que funcione como un espejo fiel del SharePoint.
Comportamiento Actual: Si un dato se actualiza en la fuente, el pipeline lo actualiza en la BD; si un dato es borrado en el SharePoint, la corrida se encarga de purgarlo del Data Warehouse, garantizando la eliminación de registros basura.
Redireccionamiento del Modelo en Power BI: Se corrigieron las relaciones del dashboard, orientando los filtros del usuario hacia las tablas dimensionales autoritativas de la jerarquía, asegurando un comportamiento fluido y exacto en los reportes.
Emisión de Matriz de Respuestas: Se generó y envió un informe técnico formal dirigido a Cristina, detallando el sustento de cada corrección aplicada y brindando aclaraciones clave sobre las nuevas reglas de funcionamiento del dashboard.","Recomendación simulada Hito 2 v4 para el ticket 11994. En producción, esta recomendación se genera llamando al LLM usando el antecedente del ticket 11994.",False
8713,Se detectó un descuadre en los datos de las unidades Pisco y Pucamarca en el BI de Operaciones desde Abril-2024. La inco...,Power BI,Inconsistencia de Datos,8713,Power BI,Inconsistencia de Datos,0.8542,0.65,RAG,2.359,18.0,1,1,1,Se procedió a la validación y corrección de los datos históricos afectados. Se realizó un reprocesamiento de los pipelines de datos para asegurar la consistencia y exactitud de la información en el BI de Operaciones.,"Recomendación simulada Hito 2 v4 para el ticket 8713. En producción, esta recomendación se genera llamando al LLM usando el antecedente del ticket 8713.",False
9223,Se reporta que el dashboard de Operaciones Pucamarca no muestra datos actualizados para el mes de Noviembre. La falta de...,Power BI,Actualización de dataset,9223,Power BI,Actualización de dataset,0.8579,0.65,RAG,1.999,5.0,1,1,1,"Se confirmó la actualización de los datos de Noviembre 2024 en el dashboard de Operaciones Pucamarca. Elmer verificó que la información ya se encuentra reflejada correctamente, indicando que los procesos de actualización se completaron exitosamente.","Recomendación simulada Hito 2 v4 para el ticket 9223. En producción, esta recomendación se genera llamando al LLM usando el antecedente del ticket 9223.",False
8978,"Se observa un error de tipo 'GatewayUnreachable' en la ejecución de pipelines de Azure Data Factory, específicamente en ...",Power BI,Conectividad,8978,Power BI,Conectividad,0.8691,0.75,RAG,2.001,1.5,1,1,1,Se ha deshabilitado el trigger de actualización del dashboard de PMO como medida temporal. Se planea una mejora futura implementando un ETL al DWH para optimizar el proceso.,"Recomendación simulada Hito 2 v4 para el ticket 8978. En producción, esta recomendación se genera llamando al LLM usando el antecedente del ticket 8978.",False
8942,Se reporta un error en el pipeline 'RefreshDatasetMantenimientoCorporativo' dentro del Data Factory 'adf-mantto-prd'. El...,Power BI,Conectividad,8942,Power BI,Conectividad,0.9259,0.75,RAG,2.383,0.5,1,1,1,"Se procedió a reprocesar la carga de datos del pipeline. Tras el reproceso, la carga se completó con normalidad, lo que indica que el problema pudo haber sido temporal o resuelto con la reejecución.","Recomendación simulada Hito 2 v4 para el ticket 8942. En producción, esta recomendación se genera llamando al LLM usando el antecedente del ticket 8942.",False
8968,Se observó un error de tipo 'GatewayUnreachable' durante la ejecución del pipeline 'CostosAzure_Dinamico' en el Data Fac...,Power BI,Conectividad,8968,Power BI,Conectividad,0.8826,0.75,RAG,2.504,1.0,1,1,1,Se procedió a reprocesar el servidor gateway con el equipo de Soporte Admin para restablecer su conectividad y disponibilidad.,"Recomendación simulada Hito 2 v4 para el ticket 8968. En producción, esta recomendación se genera llamando al LLM usando el antecedente del ticket 8968.",False
9089,"El usuario reporta la necesidad de actualizar cuentas en los dashboards de Posición Monetaria (MI10, MI70, MR10, MC10) q...",Power BI,Actualización de dataset,9089,Power BI,Actualización de dataset,0.8505,0.65,RAG,2.56,4.0,1,1,1,"Se procedió a cargar la información de las cuentas faltantes en el proceso de actualización de datos ejecutado a las 7:30 AM. Tras la ejecución, las cuentas deberían ser visibles en el dashboard. Se envió un correo de confirmación al usuario, pero al no obtener respuesta, el ticket fue cerrado.","Recomendación simulada Hito 2 v4 para el ticket 9089. En producción, esta recomendación se genera llamando al LLM usando el antecedente del ticket 9089.",False
8706,"La información de los reportes en Vitales-Logística no se visualiza actualizada. Específicamente, una orden de compra (4...",Power BI,Inconsistencia de Datos,8706,Power BI,Inconsistencia de Datos,0.8898,0.65,RAG,1.832,1.0,1,1,1,"Se aprobó la carga de datos del día de hoy. Tras esta aprobación, el valor de la orden de compra por atender se ha reflejado actualizado en el aplicativo, resolviendo la inconsistencia reportada.","Recomendación simulada Hito 2 v4 para el ticket 8706. En producción, esta recomendación se genera llamando al LLM usando el antecedente del ticket 8706.",False
10225,"Error en el recurso de datafactory adf-analitica-prd. 
Pipeline: CostosAzure_Dinamico",Power BI,Actualización de dataset,10225,Power BI,Actualización de dataset,0.9066,0.75,RAG,2.217,1.0,1,1,1,"1. Verificar el servidor del gateway que esté activo.
2. Reprocesar de manera manual el pipeline mediante BIT.","Recomendación simulada Hito 2 v4 para el ticket 10225. En producción, esta recomendación se genera llamando al LLM usando el antecedente del ticket 10225.",False
7369,Se observan cuentas (ej. 4211*) en el dashboard de Posición Monetaria que debieron ser eliminadas según la lógica del ar...,Power BI,Inconsistencia de Datos,7369,Power BI,Inconsistencia de Datos,0.9217,0.65,RAG,2.013,2.0,1,1,1,Se investigará el pipeline de Azure Data Factory responsable de procesar el archivo 'Posición Monetaria – Lógica' y la actualización del dataset en Power BI. Se verificará si el cambio de eliminación de cuentas se está aplicando correctamente y se corregirá el proceso de actualización si es necesario.,"Recomendación simulada Hito 2 v4 para el ticket 7369. En producción, esta recomendación se genera llamando al LLM usando el antecedente del ticket 7369.",False
11678,Llego la alerta mediante correo a la bandeja de soporte analitico,Power BI,Publicación / Deploy,11670,Azure Data Factory,Pipelines,0.6333,0.65,Fallback,1.972,4.0,0,0,0,"Se envió una comunicación de insistencia al equipo de Soporte Admin, adjuntando la conformidad previa de los usuarios líderes de RRHH.
Tras el recordatorio, el equipo de administración procedió con la eliminación física de los dashboards y sus conjuntos de datos asociados en el Power BI Service.","Recomendación simulada Hito 2 v4 para el ticket 11678. En producción, esta recomendación se genera llamando al LLM usando el antecedente del ticket 11670.",False
10483,"Workspace: Finanzas 
Dashboard: 05. CXC Comercial 
Inconsistencia de datos",Power BI,Inconsistencia de Datos,10483,Power BI,Inconsistencia de Datos,0.8149,0.65,RAG,1.923,2.0,1,1,1,"1.Se realiza validación en dashboard para que no aparezca la etiqueta ""En Blanco"" sino 0. 
1. Se mandó un correo a Cristhian para que valide su información en el dahsboard.","Recomendación simulada Hito 2 v4 para el ticket 10483. En producción, esta recomendación se genera llamando al LLM usando el antecedente del ticket 10483.",False
7876,El dashboard de RRHH no refleja las respuestas de encuestas de ingresos correspondientes a enero 2024. Se solicita la ac...,Power BI,Actualización de dataset,7876,Power BI,Actualización de dataset,0.8087,0.65,RAG,2.459,2.0,1,1,1,"Se procedió a forzar una actualización manual del dataset en Power BI. Una vez completada la actualización, se verificó que las respuestas de encuestas de enero 2024 se reflejaban correctamente en el dashboard.","Recomendación simulada Hito 2 v4 para el ticket 7876. En producción, esta recomendación se genera llamando al LLM usando el antecedente del ticket 7876.",False
10576,Usuario envía correo exponiendo que no se observan los valores de energía en el dashboard.,Power BI,Inconsistencia de Datos,10576,Power BI,Inconsistencia de Datos,0.728,0.65,RAG,2.195,1.0,1,1,1,"Solicitar al usuario final la eliminación de esta nueva hoja ""Resumen"". 
Reprocesar manualmente el pipeline, mediante solicitud por correo a BIT, 
Notificar al usuario final, a la respuesta de BIT confirmando que se proceso correctamente.","Recomendación simulada Hito 2 v4 para el ticket 10576. En producción, esta recomendación se genera llamando al LLM usando el antecedente del ticket 10576.",False
9390,El dashboard de Vista de Procesos - Analítica no muestra datos actualizados. Se observó que la última actualización regi...,Power BI,Actualización de dataset,9390,Power BI,Actualización de dataset,0.8613,0.65,RAG,2.171,0.5,1,1,1,"Se procedió a reprocesar manualmente la carga de datos del pipeline afectado. Tras el reprocesamiento, la carga se completó con normalidad y los datos del dashboard se actualizaron correctamente.","Recomendación simulada Hito 2 v4 para el ticket 9390. En producción, esta recomendación se genera llamando al LLM usando el antecedente del ticket 9390.",False
11584,Llego la solicitud por la bandeja de soporte analitico,Power BI,Inconsistencia de Datos,11511,Azure Data Factory,Pipelines,0.6131,0.65,Fallback,2.412,9.0,0,0,0,"Se incorporó un bloque CASE basado en DATEPART(WEEKDAY,...) para asignar la información del último día hábil a los días que no cuentan con data original (El scripot original en Jenkins)
Con esta nueva estructura, la medida ahora puede iterar correctamente sobre las columnas pobladas","Recomendación simulada Hito 2 v4 para el ticket 11584. En producción, esta recomendación se genera llamando al LLM usando el antecedente del ticket 11511.",False
9199,Se observaron errores de tipo 'QueryOptimization_ModelUnreachable' en dos datasets de Power BI ('Dashboard Operaciones P...,Power BI,Actualización de dataset,9199,Power BI,Actualización de dataset,0.9448,0.65,RAG,2.32,1.0,1,1,1,"Se procedió a reprocesar la carga de datos de los datasets afectados. Este reproceso permitió que el modelo de datos se actualizara correctamente y estuviera accesible para las consultas posteriores, resolviendo la incidencia.","Recomendación simulada Hito 2 v4 para el ticket 9199. En producción, esta recomendación se genera llamando al LLM usando el antecedente del ticket 9199.",False
11406,"El error fue detectado por el equipo de Soporte Analítico mediante el monitoreo diario del pipeline de ADF.
La actividad...",Power BI,Performance / Optimización,11406,Power BI,Performance / Optimización,0.867,0.75,RAG,2.518,11.0,1,1,1,"Se analizó y reestructuró la consulta SQL problemática, eliminando la subconsulta correlacionada y simplificando la lógica interna.
Se implementó la versión optimizada de la query reemplazando el SQL antiguo directamente en el Advanced Editor del modelo semántico de Power BI Desktop.
El tiempo de ejecución de la consulta se redujo de más de 38 minutos a un promedio de 14 minutos, resolviendo el error de timeout y asegurando la estabilidad del refresh.","Recomendación simulada Hito 2 v4 para el ticket 11406. En producción, esta recomendación se genera llamando al LLM usando el antecedente del ticket 11406.",False
8529,"El dashboard de Indicadores de Tesorería no muestra la información de Junio, impidiendo la generación de reportes del te...",Power BI,Actualización de dataset,8529,Power BI,Actualización de dataset,0.895,0.65,RAG,2.53,4.0,1,1,1,Se procedió a la recarga de los pipelines afectados para asegurar la correcta carga del procedimiento en la tabla bkpf y así restaurar la visibilidad de los indicadores de Junio en el dashboard.,"Recomendación simulada Hito 2 v4 para el ticket 8529. En producción, esta recomendación se genera llamando al LLM usando el antecedente del ticket 8529.",False
11397,Se observa que los tickets en estado 'PROGRESO' no se reflejan correctamente en el Dashboard de Informe Semanal. Esto ge...,Power BI,Inconsistencia de Datos,11397,Power BI,Inconsistencia de Datos,0.8757,0.65,RAG,2.54,2.0,1,1,1,"Se ajustó la consulta del dataset subyacente al Dashboard de Informe Semanal para asegurar que los tickets en estado 'PROGRESO' sean incluidos en la visualización. Tras la corrección, los tickets en progreso se muestran correctamente.","Recomendación simulada Hito 2 v4 para el ticket 11397. En producción, esta recomendación se genera llamando al LLM usando el antecedente del ticket 11397.",False
6989,El ticket indica que se implementará un proceso de CI/CD para el dashboard de Control de Variabilidad. No se observan sí...,Power BI,Publicación / Deploy,6989,Power BI,Publicación / Deploy,0.8859,0.65,RAG,2.662,3.0,1,1,1,"Se ha solicitado la conformidad de David para proceder con la implementación del pipeline de CI/CD para el dashboard de Control de Variabilidad. Una vez obtenida la aprobación, se procederá a configurar y desplegar el pipeline automatizado.","Recomendación simulada Hito 2 v4 para el ticket 6989. En producción, esta recomendación se genera llamando al LLM usando el antecedente del ticket 6989.",False
10742,"1. Alerta de error por correo 
2. Error en el pipeline ""1D Kpis Operativos"" 
 en el data factory ""adf-rrhh-prd"" 
3. Erro...",Power BI,Modelado de datos,10742,Power BI,Modelado de datos,0.7971,0.75,RAG,2.514,4.0,1,1,1,"1.- Se consultó al equipo si estaba en curso un despliegue relacionado con el cambio. 
2.- Se confirmó que el equipo se encontraba implementando un release que incluía la columna faltante. 
3.- El despliegue en PRD se completó de forma exitosa, corrigiendo el error.","Recomendación simulada Hito 2 v4 para el ticket 10742. En producción, esta recomendación se genera llamando al LLM usando el antecedente del ticket 10742.",False
11899,"Error Técnico: ModelRefresh_ShortMessage_ProcessingError. 
Mensaje de Power BI: ""Column 'Nombre' in Table 'Analitica Dim...",Power BI,Requerimiento,11899,Power BI,Requerimiento,0.8408,0.75,RAG,2.386,2.0,1,1,1,"Filtrado de Registros: Se modificó el archivo PBIX para aplicar un filtro que identifique y conserve únicamente el registro inicial (o valor representativo) del recurso.
Restauración de Unicidad: Con este ajuste en el Power Query/Modelo, se garantiza que, aunque existan múltiples CECOs en la fuente, hacia el modelo semántico solo viaje una entrada única por recurso.
Validación: Se confirmó que tras el pase realizado por [USUARIO], el error de procesamiento desapareció y el dataset actualiza con normalidad.","Recomendación simulada Hito 2 v4 para el ticket 11899. En producción, esta recomendación se genera llamando al LLM usando el antecedente del ticket 11899.",False
11163,"Milagros Paico solicita acceso al Power BI Dashboard Integral de Operaciones y Acceso a RLS a ""Comité Semanal"" y ""Comité...",Power BI,Requerimiento,11163,Power BI,Requerimiento,0.8647,0.65,RAG,2.183,0.25,1,1,1,,"Recomendación simulada Hito 2 v4 para el ticket 11163. En producción, esta recomendación se genera llamando al LLM usando el antecedente del ticket 11163.",False
8518,Se observó una alerta de Calidad de Datos relacionada con una falla en el gateway del Data Factory 'adf-laboratorioQuimi...,Power BI,Conectividad,8518,Power BI,Conectividad,0.8791,0.75,RAG,2.516,1.0,1,1,1,Se procedió a reprocesar la carga diaria de datos. Esta acción permitió restablecer la conectividad y la correcta sincronización de los datos a través del gateway.,"Recomendación simulada Hito 2 v4 para el ticket 8518. En producción, esta recomendación se genera llamando al LLM usando el antecedente del ticket 8518.",False
11502,Llegaron al correo de Soporte Analitico varias alertas de error de Gateway.,Power BI,Conectividad,11502,Power BI,Conectividad,0.7236,0.65,RAG,2.045,4.0,1,1,1,Se detecta que el servicio estaba detenido y lo acabo de iniciar nuevamente.,"Recomendación simulada Hito 2 v4 para el ticket 11502. En producción, esta recomendación se genera llamando al LLM usando el antecedente del ticket 11502.",False
10738,"1. Alerta por parte del usuario de RRHH 
2. El tablero presente incongruencias de datos.",Power BI,Visualizaciones,9309,Azure Data Factory,Error de Tipo de Dato,0.6684,0.65,RAG,2.462,30.0,0,0,0,"1- Se creo un catálogo de las preguntas que se deben visualizar con sus respectivas respuestas. 
2. Se corrigió los filtros para la respuesta a visualizarse en cada pregunta observada.","Recomendación simulada Hito 2 v4 para el ticket 10738. En producción, esta recomendación se genera llamando al LLM usando el antecedente del ticket 9309.",False
10588,1.- Usuario solicita revisión de los valores registrados de Concentrado Producido y FRD para el dashboard Balance Metalú...,Power BI,Inconsistencia de Datos,10588,Power BI,Inconsistencia de Datos,0.8308,0.65,RAG,2.171,10.0,1,1,1,"Se identificó que el lote 20255451 no incluye información del saco 19 proveniente de PI System 
Se confirmó que el ingreso de dicho dato es manual y depende del equipo responsable del aplicativo externo. 
Se comunicó al área responsable la regularización del ingreso manual. 
Se dejó pendiente la actualización del registro por parte del equipo encargado a través del aplicativo correspondiente.","Recomendación simulada Hito 2 v4 para el ticket 10588. En producción, esta recomendación se genera llamando al LLM usando el antecedente del ticket 10588.",False
8040,"El dashboard 'Entregas a rendir' no muestra el nombre del acreedor para un registro específico, a pesar de que este camp...",Power BI,Inconsistencia de Datos,8040,Power BI,Inconsistencia de Datos,0.8513,0.65,RAG,2.252,3.0,1,1,1,"Se realizó la corrección necesaria para asegurar que el campo 'nombre de acreedor' sea incluido y mapeado correctamente en el pipeline de datos. Tras la validación, se confirmó que el registro afectado ahora muestra la información esperada.","Recomendación simulada Hito 2 v4 para el ticket 8040. En producción, esta recomendación se genera llamando al LLM usando el antecedente del ticket 8040.",False
9208,Se reporta un error en la ejecución del pipeline 'RefreshDatasetMantenimientoCorporativoII' dentro del Data Factory 'adf...,Power BI,Actualización de dataset,8942,Power BI,Conectividad,0.931,0.75,RAG,2.23,1.0,1,0,0,"Se revisó el pipeline en el entorno de desarrollo para comprender su lógica y dependencias. Posteriormente, se esperó la siguiente ventana de actualización programada para observar si el problema era transitorio y se resolvía automáticamente.","Recomendación simulada Hito 2 v4 para el ticket 9208. En producción, esta recomendación se genera llamando al LLM usando el antecedente del ticket 8942.",False
8842,El pipeline 'CostosAzure_Dinamico' en el Data Factory 'adf-analitica-prd' falló debido a que el Gateway no está accesibl...,Power BI,Conectividad,8842,Power BI,Conectividad,0.8997,0.75,RAG,2.002,1.0,1,1,1,"Se realizó un reprocesamiento del pipeline afectado. Tras la ejecución, el pipeline se completó con normalidad, indicando que la conectividad del Gateway se restableció y permitió la continuación del proceso.","Recomendación simulada Hito 2 v4 para el ticket 8842. En producción, esta recomendación se genera llamando al LLM usando el antecedente del ticket 8842.",False
8417,Se reporta una inconsistencia en la cantidad de ingresos mostrada en el dashboard de 'CONTROL DE ACTIVIDADES' para el me...,Power BI,Inconsistencia de Datos,8417,Power BI,Inconsistencia de Datos,0.8708,0.65,RAG,2.353,8.0,1,1,1,Se realizó una revisión y ajuste en el modelo de datos de Power BI para asegurar la correcta agregación de todos los registros de ingresos del mes de Mayo 2024. Se validó la información con la lista proporcionada y se confirmó la corrección de la inconsistencia.,"Recomendación simulada Hito 2 v4 para el ticket 8417. En producción, esta recomendación se genera llamando al LLM usando el antecedente del ticket 8417.",False
8031,El usuario solicita la disponibilidad de enlaces para el dashboard de Infraestructura. No se proporciona una descripción...,Soporte Analitico,Requerimiento,8031,Soporte Analitico,Requerimiento,0.8288,0.65,RAG,1.945,1.0,1,1,1,"La solución aplicada se encuentra en estado de aprobación de PR (Pull Request), lo que sugiere que se están realizando cambios o configuraciones en el código o en la infraestructura para cumplir con la solicitud.","Recomendación simulada Hito 2 v4 para el ticket 8031. En producción, esta recomendación se genera llamando al LLM usando el antecedente del ticket 8031.",False
7902,No se proporcionó una descripción detallada de los síntomas observados en el dashboard de Soporte. La incidencia se clas...,Soporte Analitico,Derivación del caso,7902,Soporte Analitico,Derivación del caso,0.7697,0.65,RAG,2.284,2.0,1,1,1,Se realizó la corrección o ajuste necesario y se procedió a la publicación en el ambiente de Producción (PRD).,"Recomendación simulada Hito 2 v4 para el ticket 7902. En producción, esta recomendación se genera llamando al LLM usando el antecedente del ticket 7902.",False
7901,Se reporta una incidencia en el dashboard de Data Analytics para el área de Finanzas. No se proporcionan detalles especí...,Soporte Analitico,Derivación del caso,7901,Soporte Analitico,Derivación del caso,0.802,0.65,RAG,2.503,6.0,1,1,1,"Actualmente, la solución aplicada se limita a esperar la respuesta de Diego sobre la validación del SP. Una vez obtenida, se procederá con los pasos de diagnóstico y corrección necesarios.","Recomendación simulada Hito 2 v4 para el ticket 7901. En producción, esta recomendación se genera llamando al LLM usando el antecedente del ticket 7901.",False
8030,Se observan errores en la generación de la 'cama 8' y se ha modificado el modelo estadístico con la adición de nuevas va...,Soporte Analitico,Derivación del caso,8030,Soporte Analitico,Derivación del caso,0.8612,0.65,RAG,2.067,6.0,1,1,1,Pendiente de pase a PRD. Se está trabajando en la resolución de los errores y la validación de las modificaciones del modelo estadístico antes de su despliegue en producción.,"Recomendación simulada Hito 2 v4 para el ticket 8030. En producción, esta recomendación se genera llamando al LLM usando el antecedente del ticket 8030.",False
11135,"Correo de alerta en la bandeja de Soporte 
Error pipeline ""MasterSolucion"", Data Factory: adf-analitica-prd",Soporte Analitico,Derivación del caso,11135,Soporte Analitico,Derivación del caso,0.9269,0.75,RAG,2.541,0.25,1,1,1,,"Recomendación simulada Hito 2 v4 para el ticket 11135. En producción, esta recomendación se genera llamando al LLM usando el antecedente del ticket 11135.",False
5713,"El título indica una actualización relacionada con Capex y Proyectos de Sostenimiento. Sin embargo, la descripción y el ...",Soporte Analitico,Requerimiento,5713,Soporte Analitico,Requerimiento,0.9161,0.65,RAG,1.998,2.0,1,1,1,"Dado que no hay descripción ni comentario de resolución, no se han aplicado pasos de solución. Se requiere información adicional para proceder con la resolución.","Recomendación simulada Hito 2 v4 para el ticket 5713. En producción, esta recomendación se genera llamando al LLM usando el antecedente del ticket 5713.",False
9393,"Se solicita acceso a Edward Luque como Data Owner para el Plan y Forecast de Balance Metalúrgico, con el mismo rol que M...",Soporte Analitico,Requerimiento,9393,Soporte Analitico,Requerimiento,0.7774,0.65,RAG,2.207,1.0,1,1,1,"Se otorgó acceso a Edward Luque en la plataforma de Autoservicio Analítico, asignándole el rol de Admin B2, similar al de Miguel Yana, para asegurar la disponibilidad del Plan y Forecast de Balance Metalúrgico.","Recomendación simulada Hito 2 v4 para el ticket 9393. En producción, esta recomendación se genera llamando al LLM usando el antecedente del ticket 9393.",False
7740,"Se detectó una discrepancia en la cantidad de ingresos reportados en el dashboard de RRHH, con 11 registros faltantes. L...",Soporte Analitico,Derivación del caso,7740,Soporte Analitico,Derivación del caso,0.8447,0.65,RAG,2.564,3.0,1,1,1,Se llevó a cabo una reunión con el equipo de BIT para analizar la discrepancia y se procedió a la regularización de la información faltante en el dashboard de RRHH.,"Recomendación simulada Hito 2 v4 para el ticket 7740. En producción, esta recomendación se genera llamando al LLM usando el antecedente del ticket 7740.",False
9394,Se observó un error en la ejecución del pipeline 'pipeline_master_CuentasPorPagar_EntregasARendir' dentro del Data Facto...,Databricks,Clusters / Jobs,9090,Databricks,Clusters / Jobs,0.8823,0.75,RAG,5.062,1.0,1,1,0,"Se procedió a reprocesar la carga de datos utilizando el mismo pipeline. El reproceso se completó con normalidad, lo que indica que el fallo fue transitorio o resuelto con la reejecución.","Estimado ingeniero de soporte,

Hemos revisado la incidencia reportada para el pipeline 'pipeline_master_CuentasPorPagar_",True
8434,Se recibió una alerta de calidad de datos indicando que la ejecución del pipeline 'MasterEjecucionesDatabricks' en el Da...,Databricks,Clusters / Jobs,8434,Databricks,Clusters / Jobs,0.8598,0.75,RAG,2.226,1.0,1,1,1,Se revisó la carga diaria y se identificó que la ejecución del notebook en Databricks falló. Se procedió a investigar los logs de ejecución en la URL proporcionada para determinar la causa específica del error y se planean acciones correctivas basadas en esa información.,"Recomendación simulada Hito 2 v4 para el ticket 8434. En producción, esta recomendación se genera llamando al LLM usando el antecedente del ticket 8434.",False
9119,Se reporta un fallo en la ejecución del notebook dentro del pipeline 'pipeline_maestro_grupo_compra' en el Data Factory ...,Databricks,Clusters / Jobs,9119,Databricks,Clusters / Jobs,0.8581,0.75,RAG,2.575,1.0,1,1,1,"Se procedió a reprocesar la carga de datos. Tras el reproceso, la carga se completó con normalidad, lo que sugiere que el fallo inicial pudo haber sido transitorio o resuelto con la reejecución.","Recomendación simulada Hito 2 v4 para el ticket 9119. En producción, esta recomendación se genera llamando al LLM usando el antecedente del ticket 9119.",False
8862,El pipeline 'VisorGeneralEtl' en el Data Factory 'adf-analitica-prd' falló durante su ejecución. El error indica que la ...,Databricks,Clusters / Jobs,8862,Databricks,Clusters / Jobs,0.9067,0.75,RAG,2.135,1.0,1,1,1,Se procedió a reprocesar la carga del pipeline 'VisorGeneralEtl' para intentar resolver la falla.,"Recomendación simulada Hito 2 v4 para el ticket 8862. En producción, esta recomendación se genera llamando al LLM usando el antecedente del ticket 8862.",False
9104,"Se observó un fallo en la ejecución del pipeline 'adf-operaciones-prd' en Azure Data Factory, específicamente en la oper...",Databricks,Clusters / Jobs,9104,Databricks,Clusters / Jobs,0.9128,0.75,RAG,2.074,1.0,1,1,1,"Se procedió a reprocesar la carga de datos que falló. El reproceso se completó con normalidad, indicando que la falla original fue de carácter temporal y se resolvió al reintentar la ejecución.","Recomendación simulada Hito 2 v4 para el ticket 9104. En producción, esta recomendación se genera llamando al LLM usando el antecedente del ticket 9104.",False
11971,"Actividad Fallida: Conversion Archivo xml (Ejecución en Databricks).
Fecha del Incidente: 30/04/2026 07:32.
Impacto Oper...",Databricks,Requerimiento,11971,Databricks,Requerimiento,0.8676,0.75,RAG,2.093,4.0,1,1,1,"Escalamiento a la Fuente: Se reportó la incidencia inmediatamente al proveedor (EPIUSE) para que revisen los registros del servicio SOAP y determinen por qué no se enviaron datos en esa ventana horaria.
Medida de Contención (Pendiente): Si EPIUSE confirma que este comportamiento (enviar un XML vacío sin candidatos) es normal o recurrente para los fines de mes, se procederá a gestionar una modificación en el notebook de Databricks.","Recomendación simulada Hito 2 v4 para el ticket 11971. En producción, esta recomendación se genera llamando al LLM usando el antecedente del ticket 11971.",False
11113,"1. Alerta recibida en la bandeja de Soporte Analítico 
2. Error en el pipeline: ""pipeline_master_FactEncuesta""",Azure SQL Database,Integración,10586,Azure Data Factory,Accesos / Autenticación,0.8946,0.75,RAG,1.906,1.0,0,0,0,"1.- Se solicito reprocesar el pipeline ""pipeline_master_FactEncuesta"" 
2.- El pipeline se ejecutó de manera correcta.","Recomendación simulada Hito 2 v4 para el ticket 11113. En producción, esta recomendación se genera llamando al LLM usando el antecedente del ticket 10586.",False
10927,"1. Alerta en la bandeja de Soporte Analítico 
2. Error en el pipeline: ""pipeline_master_FactEncuesta""",Azure SQL Database,ETL Manual,10586,Azure Data Factory,Accesos / Autenticación,0.8889,0.75,RAG,1.83,1.0,0,0,0,"Se actualizo la tabla [Stage].[i$ExtractorEPI] con el formato establecido para la fecha 
Se reprocesó el pipeline de ""EmpleadosHistorico""","Recomendación simulada Hito 2 v4 para el ticket 10927. En producción, esta recomendación se genera llamando al LLM usando el antecedente del ticket 10586.",False
11498,"Recepción de requerimiento vía correo electrónico titulado ""Información de Elemento PEP en tabla 0042"" dirigido a Daniel...",Azure SQL Database,Integración,11498,Azure SQL Database,Integración,0.6801,0.65,RAG,2.313,5.0,1,1,1,"Se generó una captura técnica de la respuesta del RFC donde se visualiza que los campos del PEP Element vienen nulos directamente desde SAP.
Se envió un correo electrónico al solicitante adjuntando la evidencia técnica que demuestra que el origen (SAP/RFC) no está enviando la información necesaria.","Recomendación simulada Hito 2 v4 para el ticket 11498. En producción, esta recomendación se genera llamando al LLM usando el antecedente del ticket 11498.",False
6992,Se observa un alto consumo de recursos en los entornos QAS y DEV de Azure para el servicio de Finanzas. Esto podría esta...,Azure SQL Database,Consultas / Performance,6992,Azure SQL Database,Consultas / Performance,0.9095,0.65,RAG,2.512,3.0,1,1,1,Se ha iniciado la monitorización detallada de los recursos en los entornos QAS y DEV de Azure para el servicio de Finanzas. Se analizarán los logs y métricas para identificar patrones de consumo y posibles cuellos de botella.,"Recomendación simulada Hito 2 v4 para el ticket 6992. En producción, esta recomendación se genera llamando al LLM usando el antecedente del ticket 6992.",False
8403,El usuario reporta un error al intentar descargar información del reporte de gasto desde una base de datos SQL. El mensa...,Azure SQL Database,Seguridad / Permisos,8403,Azure SQL Database,Seguridad / Permisos,0.8593,0.65,RAG,2.235,2.0,1,1,1,"Se procedió a actualizar las credenciales de acceso del usuario para la base de datos SQL. Una vez actualizadas y verificadas, se confirmó que el usuario podía acceder y descargar la información del reporte de gasto sin inconvenientes.","Recomendación simulada Hito 2 v4 para el ticket 8403. En producción, esta recomendación se genera llamando al LLM usando el antecedente del ticket 8403.",False
8876,El pipeline PL_BSEG_SAP_Lake_Carga_Incremental experimentó un fallo al intentar conectar con la tabla de destino en SAP....,SAP,Integración,8876,SAP,Integración,0.889,0.75,RAG,2.565,1.0,1,1,1,"Se procedió a reprocesar la carga de datos del pipeline. Tras el reprocesamiento, la carga se completó con normalidad, lo que sugiere que el problema de conectividad fue transitorio o se resolvió automáticamente.","Recomendación simulada Hito 2 v4 para el ticket 8876. En producción, esta recomendación se genera llamando al LLM usando el antecedente del ticket 8876.",False
9215,"Se observa que, de una lista de órdenes de compra de tipo ZMC que incluyen materiales vitales (8200000397, 8200000523, 8...",SAP,Integración,9215,SAP,Integración,0.8358,0.65,RAG,2.543,1.0,1,1,1,"Se ha validado el registro de los componentes en las extracciones de SAP, confirmando que los datos se están obteniendo correctamente. La validación se centró en la actividad de las órdenes de compra de tipo ZMC con materiales vitales.","Recomendación simulada Hito 2 v4 para el ticket 9215. En producción, esta recomendación se genera llamando al LLM usando el antecedente del ticket 9215.",False
5579,El campo 'stock de seguridad' en todos los materiales vitales muestra erróneamente '0 días'. Se requiere la reversión a ...,SAP,Inconsistencia de Datos,5579,SAP,Inconsistencia de Datos,0.8323,0.65,RAG,1.863,3.0,1,1,1,Se ha realizado la reversión de los valores del campo 'stock de seguridad' a los registros históricos correctos para todos los materiales vitales. Se ha verificado que la aplicación muestre los valores correctos y se ha implementado un monitoreo para prevenir futuras incidencias.,"Recomendación simulada Hito 2 v4 para el ticket 5579. En producción, esta recomendación se genera llamando al LLM usando el antecedente del ticket 5579.",False
11674,Llego la alerta a través de la bandeja de soporte analítico,SAP,Inconsistencia de Datos,11488,Power BI,Actualización de dataset,0.5846,0.65,Fallback,2.464,3.0,0,0,0,"Se aprobó la observación, mediante el mismo aplicativo en el apartado de sincronizaciones observadas, ya que esta diferencia es intencional y correcta","Recomendación simulada Hito 2 v4 para el ticket 11674. En producción, esta recomendación se genera llamando al LLM usando el antecedente del ticket 11488.",False
11486,Recepción masiva de incidencias en el correo de soprte analitico de los pipelines de carga en Azure Data Factory que dep...,SAP,Falla en el IR-Minsur,9217,Azure Data Factory,Pipelines,0.7,0.75,Fallback,2.04,16.0,0,0,0,"Se realizaron múltiples sesiones de revisión exhaustiva para validar la conectividad de red, el estado de los puertos y la vigencia de permisos en los servidores. 
Se mantuvo una reunión de emergencia con el equipo técnico de SAP, quienes validaron el estado de los sistemas. 
Resultados: 
Entorno de Producción (PRD): Se logró validar y restablecer el funcionamiento correcto, normalizándose el tráfico de datos. 
Entornos de Desarrollo (DEV) y Calidad (QAS): Estos ambientes persisten sin respuesta desde el lado de SAP. 
El equipo de SAP se ha llevado la tarea de investigar la causa de la falta de respuesta en los entornos no productivos bajo un ticket de soporte específico de alta prioridad.","Recomendación simulada Hito 2 v4 para el ticket 11486. En producción, esta recomendación se genera llamando al LLM usando el antecedente del ticket 9217.",False
11604,"Se presentaron fallas en el proceso de autenticación de la aplicación, impidiendo la correcta validación de credenciales...",Web,Seguridad / Accesos,11604,Web,Seguridad / Accesos,0.8026,0.65,RAG,2.333,6.0,1,1,1,"Se coordinó con [USUARIO] Parodi la generación de un nuevo Secret Key / Client Secret para restablecer la autenticación.
Posteriormente, se solicitó a BIT el envío del nuevo secreto para su configuración en el sistema, con el objetivo de restituir el servicio y normalizar el funcionamiento de la aplicación.","Recomendación simulada Hito 2 v4 para el ticket 11604. En producción, esta recomendación se genera llamando al LLM usando el antecedente del ticket 11604.",False
9321,"Los archivos en SharePoint para Lixiviación (ADR, Apilamiento, Reporte diario) no se han actualizado con la información ...",Web,Falla de sincronización,9321,Web,Falla de sincronización,0.8577,0.65,RAG,1.963,3.0,1,1,1,Se actualizaron los archivos en SharePoint para Lixiviación. Se revisaron los procesos de carga y se verificó que la actualización de los archivos debería ser correcta. Se solicita al usuario que agregue la información hasta la fecha actual.,"Recomendación simulada Hito 2 v4 para el ticket 9321. En producción, esta recomendación se genera llamando al LLM usando el antecedente del ticket 9321.",False
10743,"1.- El usuario Miguel Calsin reporto que no podía ser registrar un usuario nuevo en la plataforma Vitales,",Web,Falla de sincronización,10743,Web,Falla de sincronización,0.8652,0.65,RAG,2.08,5.0,1,1,1,"1. Se duplico un usuario activo. 
2. Se actualizaron los campos de correo, usuario, nombres desde el aplicativo 
3. Se registro al usuario correctamente.","Recomendación simulada Hito 2 v4 para el ticket 10743. En producción, esta recomendación se genera llamando al LLM usando el antecedente del ticket 10743.",False
11591,Llego la solicitud a través de la bandeja de correo de soporte analítico,Gobierno del Dato,Catálogo / Linaje,11853,Power BI,Inconsistencia de Datos,0.5686,0.65,Fallback,2.322,3.0,0,0,0,"Se construyó y envió una matriz detallada que especifica la relación de las tablas utilizadas frente a aquellas que ya no tienen uso en los dashboards vigentes.
Se brindó la conformidad técnica para proceder con la inactivación de las tablas identificadas, asegurando que no forman parte del ecosistema actual de RR.HH..","Recomendación simulada Hito 2 v4 para el ticket 11591. En producción, esta recomendación se genera llamando al LLM usando el antecedente del ticket 11853.",False
11126,"Alerta recibida en la bandeja de Soporte Analítico 
Error en el pipeline: ""ETL_INICIAL_MALLA_MASTER""",Gobierno del Dato,Calidad de Datos,11128,Soporte Analitico,Derivación del caso,0.9108,0.75,RAG,1.974,0.4,0,0,0,,"Recomendación simulada Hito 2 v4 para el ticket 11126. En producción, esta recomendación se genera llamando al LLM usando el antecedente del ticket 11128.",False
8409,"Se recibieron múltiples alertas de calidad de datos relacionadas con los procesos ETL_ENERGIA, ETL_PRONOSTICO, ETL_CAMAS...",Gobierno del Dato,Calidad de Datos,8409,Gobierno del Dato,Calidad de Datos,0.8905,0.65,RAG,2.527,4.0,1,1,1,"Se revisaron y ajustaron los pipelines de Azure Data Factory asociados a ETL_ENERGIA, ETL_PRONOSTICO, ETL_CAMAS y Entrenamiento_Modelos. Se corrigieron las configuraciones de los Data Flows y se optimizó la lógica de procesamiento para asegurar la integridad y consistencia de los datos.","Recomendación simulada Hito 2 v4 para el ticket 8409. En producción, esta recomendación se genera llamando al LLM usando el antecedente del ticket 8409.",False
8437,El extractor Onboarding de RRHH presenta una solicitud de mejora. La revisión actual se enfoca en la validación de escen...,General / Buenas prácticas,Mejora de proceso,8437,General / Buenas prácticas,Mejora de proceso,0.8666,0.65,RAG,2.139,14.0,1,1,1,Se está llevando a cabo una revisión detallada del extractor y se están ejecutando pruebas con escenarios específicos para validar su comportamiento y rendimiento.,"Recomendación simulada Hito 2 v4 para el ticket 8437. En producción, esta recomendación se genera llamando al LLM usando el antecedente del ticket 8437.",False
10758,"1. Alerta de por parte PMO Minsur, por una vulnerabilidad Zero Day.",General / Buenas prácticas,Automatización,10931,General / Buenas prácticas,Automatización,0.6849,0.65,RAG,2.585,1.0,1,1,0,"1. Detener los procesos de Jenkins durante el parchado. 
2. Activar los procesos automatizados después del tiempo solicitado. 
3. Monitorear que los procesos funcionen correctamente.","Recomendación simulada Hito 2 v4 para el ticket 10758. En producción, esta recomendación se genera llamando al LLM usando el antecedente del ticket 10931.",False
11501,"1. Llego un correo del usuario Andrea Chavez, indicando que se actualize el aplicativo Materiales Vitales.",General / Buenas prácticas,Mejora de proceso,11501,General / Buenas prácticas,Mejora de proceso,0.8395,0.65,RAG,2.421,3.0,1,1,1,1.- Soporte Admin realizo la ejecución del Procedimiento Almacenado para que se actualize la información.,"Recomendación simulada Hito 2 v4 para el ticket 11501. En producción, esta recomendación se genera llamando al LLM usando el antecedente del ticket 11501.",False
